Metric,Value
Document Management Market (2022),$7.1 billion
Document Management Market (2032),$34.2 billion
Market CAGR,17.3%
Knowledge Management Market Impact,33% have outdated systems
Organizational Trust Crisis,86% struggle with document search
Daily Productivity Loss,21% from document issues
Document Recreation Rate,83% recreate missing documents
AI Contradiction Detection (Best),89.55% F1 score
AI Contradiction Detection (GPT-4),77.2% accuracy
Manual Contradiction Detection,45% accuracy baseline
